dataset,frame,sweep,level,valid_points,fov_points,object_points,box_hits,median_shift_px
kitti,000001,yaw_deg,0.0,120268,18630,27,27,0.0
kitti,000001,yaw_deg,0.5,120268,18629,27,19,7.4
kitti,000001,yaw_deg,1.0,120268,18630,27,3,14.769
kitti,000001,yaw_deg,2.0,120268,18633,27,0,29.41
kitti,000001,yaw_deg,3.0,120268,18635,27,0,43.93
kitti,000001,tx_m,0.02,120268,18686,27,27,0.44
kitti,000001,tx_m,0.05,120268,18827,27,27,1.097
kitti,000001,tx_m,0.1,120268,19002,27,27,2.184
kitti,000004,yaw_deg,0.0,115976,19063,103,103,0.0
kitti,000004,yaw_deg,0.5,115976,19053,103,97,7.394
kitti,000004,yaw_deg,1.0,115976,19032,103,82,14.764
kitti,000004,yaw_deg,2.0,115976,18975,103,56,29.426
kitti,000004,yaw_deg,3.0,115976,18965,103,21,43.994
kitti,000004,tx_m,0.02,115976,19117,103,103,0.357
kitti,000004,tx_m,0.05,115976,19242,103,103,0.889
kitti,000004,tx_m,0.1,115976,19414,103,103,1.771
kitti,000007,yaw_deg,0.0,122798,19423,240,240,0.0
kitti,000007,yaw_deg,0.5,122798,19433,240,212,7.347
kitti,000007,yaw_deg,1.0,122798,19388,240,172,14.668
kitti,000007,yaw_deg,2.0,122798,19236,240,99,29.253
kitti,000007,yaw_deg,3.0,122798,19268,240,42,43.733
kitti,000007,tx_m,0.02,122798,19488,240,240,0.368
kitti,000007,tx_m,0.05,122798,19616,240,240,0.918
kitti,000007,tx_m,0.1,122798,19789,240,240,1.829
kitti,000008,yaw_deg,0.0,122555,17238,3131,3131,0.0
kitti,000008,yaw_deg,0.5,122555,17281,3131,3124,7.022
kitti,000008,yaw_deg,1.0,122555,17316,3131,3081,14.043
kitti,000008,yaw_deg,2.0,122555,17384,3131,2893,28.062
kitti,000008,yaw_deg,3.0,122555,17436,3131,2698,42.046
kitti,000008,tx_m,0.02,122555,17314,3131,3131,0.43
kitti,000008,tx_m,0.05,122555,17480,3131,3131,1.072
kitti,000008,tx_m,0.1,122555,17702,3131,3131,2.135
kitti,000009,yaw_deg,0.0,123928,19411,219,219,0.0
kitti,000009,yaw_deg,0.5,123928,19412,219,203,7.371
kitti,000009,yaw_deg,1.0,123928,19395,219,180,14.716
kitti,000009,yaw_deg,2.0,123928,19381,219,120,29.329
kitti,000009,yaw_deg,3.0,123928,19381,219,66,43.855
kitti,000009,tx_m,0.02,123928,19464,219,219,0.381
kitti,000009,tx_m,0.05,123928,19597,219,219,0.95
kitti,000009,tx_m,0.1,123928,19763,219,219,1.892
kitti,000010,yaw_deg,0.0,115875,16464,1932,1932,0.0
kitti,000010,yaw_deg,0.5,115875,16412,1932,1919,7.256
kitti,000010,yaw_deg,1.0,115875,16369,1932,1843,14.484
kitti,000010,yaw_deg,2.0,115875,16299,1932,1643,28.871
kitti,000010,yaw_deg,3.0,115875,16271,1932,1404,43.168
kitti,000010,tx_m,0.02,115875,16501,1932,1932,0.412
kitti,000010,tx_m,0.05,115875,16630,1932,1932,1.028
kitti,000010,tx_m,0.1,115875,16780,1932,1932,2.048
kitti,000011,yaw_deg,0.0,108004,19946,725,721,0.0
kitti,000011,yaw_deg,0.5,108004,19946,725,634,7.292
kitti,000011,yaw_deg,1.0,108004,19952,725,508,14.564
kitti,000011,yaw_deg,2.0,108004,19963,725,269,29.072
kitti,000011,yaw_deg,3.0,108004,19948,725,114,43.516
kitti,000011,tx_m,0.02,108004,20002,725,724,0.423
kitti,000011,tx_m,0.05,108004,20150,725,724,1.055
kitti,000011,tx_m,0.1,108004,20331,725,722,2.1
kitti,000012,yaw_deg,0.0,120007,18705,13,13,0.0
kitti,000012,yaw_deg,0.5,120007,18688,13,13,7.34
kitti,000012,yaw_deg,1.0,120007,18698,13,11,14.631
kitti,000012,yaw_deg,2.0,120007,18699,13,1,29.123
kitti,000012,yaw_deg,3.0,120007,18713,13,0,43.515
kitti,000012,tx_m,0.02,120007,18751,13,13,0.344
kitti,000012,tx_m,0.05,120007,18818,13,13,0.859
kitti,000012,tx_m,0.1,120007,19017,13,13,1.713
kitti,000015,yaw_deg,0.0,122583,18334,995,958,0.0
kitti,000015,yaw_deg,0.5,122583,18379,995,837,6.999
kitti,000015,yaw_deg,1.0,122583,18441,995,695,13.985
kitti,000015,yaw_deg,2.0,122583,18470,995,526,27.928
kitti,000015,yaw_deg,3.0,122583,18540,995,426,41.829
kitti,000015,tx_m,0.02,122583,18437,995,962,0.437
kitti,000015,tx_m,0.05,122583,18593,995,957,1.09
kitti,000015,tx_m,0.1,122583,18800,995,943,2.17
kitti,000016,yaw_deg,0.0,113070,17868,3204,3204,0.0
kitti,000016,yaw_deg,0.5,113070,17872,3204,3179,7.182
kitti,000016,yaw_deg,1.0,113070,17871,3204,3128,14.359
kitti,000016,yaw_deg,2.0,113070,17883,3204,3029,28.695
kitti,000016,yaw_deg,3.0,113070,17899,3204,2930,43.023
kitti,000016,tx_m,0.02,113070,17934,3204,3204,0.377
kitti,000016,tx_m,0.05,113070,18081,3204,3204,0.94
kitti,000016,tx_m,0.1,113070,18264,3204,3204,1.872
kitti,000019,yaw_deg,0.0,115697,18792,3434,3434,0.0
kitti,000019,yaw_deg,0.5,115697,18828,3434,3421,7.112
kitti,000019,yaw_deg,1.0,115697,18859,3434,3376,14.217
kitti,000019,yaw_deg,2.0,115697,18912,3434,3246,28.403
kitti,000019,yaw_deg,3.0,115697,18936,3434,3153,42.575
kitti,000019,tx_m,0.02,115697,18876,3434,3434,0.577
kitti,000019,tx_m,0.05,115697,19033,3434,3434,1.436
kitti,000019,tx_m,0.1,115697,19274,3434,3434,2.856
kitti,000021,yaw_deg,0.0,125260,19824,2419,2419,0.0
kitti,000021,yaw_deg,0.5,125260,19818,2419,2414,7.305
kitti,000021,yaw_deg,1.0,125260,19827,2419,2348,14.594
kitti,000021,yaw_deg,2.0,125260,19841,2419,2181,29.118
kitti,000021,yaw_deg,3.0,125260,19863,2419,1911,43.576
kitti,000021,tx_m,0.02,125260,19908,2419,2419,0.482
kitti,000021,tx_m,0.05,125260,20060,2419,2419,1.202
kitti,000021,tx_m,0.1,125260,20270,2419,2419,2.393
kitti,000023,yaw_deg,0.0,120412,18587,33,33,0.0
kitti,000023,yaw_deg,0.5,120412,18585,33,23,7.395
kitti,000023,yaw_deg,1.0,120412,18583,33,7,14.759
kitti,000023,yaw_deg,2.0,120412,18592,33,0,29.4
kitti,000023,yaw_deg,3.0,120412,18594,33,0,43.909
kitti,000023,tx_m,0.02,120412,18640,33,33,0.427
kitti,000023,tx_m,0.05,120412,18774,33,33,1.066
kitti,000023,tx_m,0.1,120412,18963,33,33,2.122
kitti,000025,yaw_deg,0.0,115780,17529,1546,1546,0.0
kitti,000025,yaw_deg,0.5,115780,17534,1546,1505,7.041
kitti,000025,yaw_deg,1.0,115780,17540,1546,1438,14.076
kitti,000025,yaw_deg,2.0,115780,17541,1546,1273,28.127
kitti,000025,yaw_deg,3.0,115780,17514,1546,1102,42.144
kitti,000025,tx_m,0.02,115780,17582,1546,1546,0.453
kitti,000025,tx_m,0.05,115780,17697,1546,1546,1.129
kitti,000025,tx_m,0.1,115780,17888,1546,1546,2.246
kitti,000031,yaw_deg,0.0,121291,18896,3074,3074,0.0
kitti,000031,yaw_deg,0.5,121291,18877,3074,3040,7.313
kitti,000031,yaw_deg,1.0,121291,18837,3074,2941,14.609
kitti,000031,yaw_deg,2.0,121291,18783,3074,2638,29.153
kitti,000031,yaw_deg,3.0,121291,18731,3074,2343,43.603
kitti,000031,tx_m,0.02,121291,18953,3074,3074,0.412
kitti,000031,tx_m,0.05,121291,19067,3074,3074,1.029
kitti,000031,tx_m,0.1,121291,19259,3074,3074,2.05
kitti,000032,yaw_deg,0.0,118661,19535,4987,4985,0.0
kitti,000032,yaw_deg,0.5,118661,19547,4987,4963,7.345
kitti,000032,yaw_deg,1.0,118661,19546,4987,4873,14.666
kitti,000032,yaw_deg,2.0,118661,19548,4987,4625,29.252
kitti,000032,yaw_deg,3.0,118661,19552,4987,4343,43.726
kitti,000032,tx_m,0.02,118661,19595,4987,4987,0.525
kitti,000032,tx_m,0.05,118661,19739,4987,4987,1.308
kitti,000032,tx_m,0.1,118661,19921,4987,4987,2.605
kitti,000043,yaw_deg,0.0,122591,19655,514,503,0.0
kitti,000043,yaw_deg,0.5,122591,19689,514,419,7.32
kitti,000043,yaw_deg,1.0,122591,19713,514,252,14.621
kitti,000043,yaw_deg,2.0,122591,19769,514,17,29.169
kitti,000043,yaw_deg,3.0,122591,19811,514,0,43.643
kitti,000043,tx_m,0.02,122591,19717,514,503,0.538
kitti,000043,tx_m,0.05,122591,19868,514,505,1.342
kitti,000043,tx_m,0.1,122591,20075,514,505,2.67
kitti,000048,yaw_deg,0.0,122675,19820,402,370,0.0
kitti,000048,yaw_deg,0.5,122675,19841,402,286,7.119
kitti,000048,yaw_deg,1.0,122675,19852,402,142,14.213
kitti,000048,yaw_deg,2.0,122675,19883,402,2,28.337
kitti,000048,yaw_deg,3.0,122675,19897,402,0,42.409
kitti,000048,tx_m,0.02,122675,19945,402,372,0.503
kitti,000048,tx_m,0.05,122675,20108,402,373,1.254
kitti,000048,tx_m,0.1,122675,20362,402,374,2.494
kitti,000049,yaw_deg,0.0,113691,18093,3836,3831,0.0
kitti,000049,yaw_deg,0.5,113691,18134,3836,3770,7.169
kitti,000049,yaw_deg,1.0,113691,18174,3836,3606,14.335
kitti,000049,yaw_deg,2.0,113691,18229,3836,3264,28.662
kitti,000049,yaw_deg,3.0,113691,18231,3836,2886,42.928
kitti,000049,tx_m,0.02,113691,18140,3836,3831,0.418
kitti,000049,tx_m,0.05,113691,18260,3836,3831,1.041
kitti,000049,tx_m,0.1,113691,18425,3836,3831,2.074
kitti,000061,yaw_deg,0.0,125247,19791,1348,1348,0.0
kitti,000061,yaw_deg,0.5,125247,19813,1348,1299,7.124
kitti,000061,yaw_deg,1.0,125247,19825,1348,1213,14.231
kitti,000061,yaw_deg,2.0,125247,19866,1348,1022,28.407
kitti,000061,yaw_deg,3.0,125247,19899,1348,818,42.524
kitti,000061,tx_m,0.02,125247,19841,1348,1348,0.303
kitti,000061,tx_m,0.05,125247,19957,1348,1348,0.756
kitti,000061,tx_m,0.1,125247,20125,1348,1347,1.507
nuscenes,scene-0103_000,yaw_deg,0.0,34752,2984,27,27,0.0
nuscenes,scene-0103_000,yaw_deg,0.5,34752,2972,27,26,12.47
nuscenes,scene-0103_000,yaw_deg,1.0,34752,2959,27,16,24.907
nuscenes,scene-0103_000,yaw_deg,2.0,34752,2934,27,1,49.718
nuscenes,scene-0103_000,yaw_deg,3.0,34752,2914,27,0,74.444
nuscenes,scene-0103_000,tx_m,0.02,34752,2986,27,27,1.725
nuscenes,scene-0103_000,tx_m,0.05,34752,2986,27,27,4.283
nuscenes,scene-0103_000,tx_m,0.1,34752,2990,27,27,8.522
nuscenes,scene-0103_001,yaw_deg,0.0,34688,3047,41,41,0.0
nuscenes,scene-0103_001,yaw_deg,0.5,34688,3036,41,38,12.518
nuscenes,scene-0103_001,yaw_deg,1.0,34688,3023,41,29,25.0
nuscenes,scene-0103_001,yaw_deg,2.0,34688,3005,41,13,49.891
nuscenes,scene-0103_001,yaw_deg,3.0,34688,2994,41,0,74.677
nuscenes,scene-0103_001,tx_m,0.02,34688,3048,41,41,1.542
nuscenes,scene-0103_001,tx_m,0.05,34688,3048,41,40,3.853
nuscenes,scene-0103_001,tx_m,0.1,34688,3045,41,38,7.54
nuscenes,scene-0103_002,yaw_deg,0.0,34752,3084,29,29,0.0
nuscenes,scene-0103_002,yaw_deg,0.5,34752,3078,29,23,12.594
nuscenes,scene-0103_002,yaw_deg,1.0,34752,3071,29,14,25.122
nuscenes,scene-0103_002,yaw_deg,2.0,34752,3050,29,1,50.078
nuscenes,scene-0103_002,yaw_deg,3.0,34752,3033,29,0,74.947
nuscenes,scene-0103_002,tx_m,0.02,34752,3086,29,29,1.485
nuscenes,scene-0103_002,tx_m,0.05,34752,3082,29,29,3.677
nuscenes,scene-0103_002,tx_m,0.1,34752,3081,29,29,7.323
nuscenes,scene-0103_003,yaw_deg,0.0,34720,3100,47,47,0.0
nuscenes,scene-0103_003,yaw_deg,0.5,34720,3100,47,46,12.587
nuscenes,scene-0103_003,yaw_deg,1.0,34720,3104,47,37,25.144
nuscenes,scene-0103_003,yaw_deg,2.0,34720,3102,47,16,50.19
nuscenes,scene-0103_003,yaw_deg,3.0,34720,3089,47,6,75.151
nuscenes,scene-0103_003,tx_m,0.02,34720,3096,47,47,1.603
nuscenes,scene-0103_003,tx_m,0.05,34720,3094,47,47,4.005
nuscenes,scene-0103_003,tx_m,0.1,34720,3096,47,47,8.007
nuscenes,scene-0103_004,yaw_deg,0.0,34784,3062,112,112,0.0
nuscenes,scene-0103_004,yaw_deg,0.5,34784,3052,112,102,12.602
nuscenes,scene-0103_004,yaw_deg,1.0,34784,3056,112,89,25.173
nuscenes,scene-0103_004,yaw_deg,2.0,34784,3065,112,59,50.184
nuscenes,scene-0103_004,yaw_deg,3.0,34784,3073,112,47,75.104
nuscenes,scene-0103_004,tx_m,0.02,34784,3059,112,112,1.811
nuscenes,scene-0103_004,tx_m,0.05,34784,3056,112,112,4.522
nuscenes,scene-0103_004,tx_m,0.1,34784,3055,112,110,9.027
nuscenes,scene-0103_005,yaw_deg,0.0,34720,3083,115,115,0.0
nuscenes,scene-0103_005,yaw_deg,0.5,34720,3089,115,114,12.456
nuscenes,scene-0103_005,yaw_deg,1.0,34720,3087,115,103,24.895
nuscenes,scene-0103_005,yaw_deg,2.0,34720,3109,115,76,49.758
nuscenes,scene-0103_005,yaw_deg,3.0,34720,3122,115,61,74.522
nuscenes,scene-0103_005,tx_m,0.02,34720,3083,115,115,1.715
nuscenes,scene-0103_005,tx_m,0.05,34720,3079,115,114,4.269
nuscenes,scene-0103_005,tx_m,0.1,34720,3081,115,113,8.501
nuscenes,scene-0103_006,yaw_deg,0.0,34688,3180,51,50,0.0
nuscenes,scene-0103_006,yaw_deg,0.5,34688,3183,51,50,12.553
nuscenes,scene-0103_006,yaw_deg,1.0,34688,3183,51,46,25.073
nuscenes,scene-0103_006,yaw_deg,2.0,34688,3183,51,33,50.034
nuscenes,scene-0103_006,yaw_deg,3.0,34688,3183,51,25,74.84
nuscenes,scene-0103_006,tx_m,0.02,34688,3179,51,49,1.804
nuscenes,scene-0103_006,tx_m,0.05,34688,3177,51,49,4.507
nuscenes,scene-0103_006,tx_m,0.1,34688,3170,51,48,9.007
nuscenes,scene-0103_007,yaw_deg,0.0,34688,3143,132,132,0.0
nuscenes,scene-0103_007,yaw_deg,0.5,34688,3141,132,132,12.565
nuscenes,scene-0103_007,yaw_deg,1.0,34688,3140,132,128,25.108
nuscenes,scene-0103_007,yaw_deg,2.0,34688,3139,132,115,50.072
nuscenes,scene-0103_007,yaw_deg,3.0,34688,3139,132,107,74.836
nuscenes,scene-0103_007,tx_m,0.02,34688,3144,132,132,1.917
nuscenes,scene-0103_007,tx_m,0.05,34688,3138,132,132,4.794
nuscenes,scene-0103_007,tx_m,0.1,34688,3134,132,132,9.587
nuscenes,scene-0103_008,yaw_deg,0.0,34720,2968,79,79,0.0
nuscenes,scene-0103_008,yaw_deg,0.5,34720,2970,79,79,12.499
nuscenes,scene-0103_008,yaw_deg,1.0,34720,2972,79,78,24.972
nuscenes,scene-0103_008,yaw_deg,2.0,34720,2978,79,66,49.841
nuscenes,scene-0103_008,yaw_deg,3.0,34720,2981,79,53,74.662
nuscenes,scene-0103_008,tx_m,0.02,34720,2965,79,79,1.6
nuscenes,scene-0103_008,tx_m,0.05,34720,2964,79,79,3.961
nuscenes,scene-0103_008,tx_m,0.1,34720,2967,79,78,7.911
nuscenes,scene-0103_009,yaw_deg,0.0,34720,3044,103,103,0.0
nuscenes,scene-0103_009,yaw_deg,0.5,34720,3040,103,98,12.591
nuscenes,scene-0103_009,yaw_deg,1.0,34720,3045,103,91,25.145
nuscenes,scene-0103_009,yaw_deg,2.0,34720,3033,103,71,50.184
nuscenes,scene-0103_009,yaw_deg,3.0,34720,3034,103,56,75.108
nuscenes,scene-0103_009,tx_m,0.02,34720,3046,103,103,1.699
nuscenes,scene-0103_009,tx_m,0.05,34720,3041,103,103,4.255
nuscenes,scene-0103_009,tx_m,0.1,34720,3041,103,103,8.457
nuscenes,scene-0103_010,yaw_deg,0.0,34720,3120,99,99,0.0
nuscenes,scene-0103_010,yaw_deg,0.5,34720,3126,99,96,12.641
nuscenes,scene-0103_010,yaw_deg,1.0,34720,3125,99,90,25.255
nuscenes,scene-0103_010,yaw_deg,2.0,34720,3126,99,70,50.347
nuscenes,scene-0103_010,yaw_deg,3.0,34720,3133,99,57,75.325
nuscenes,scene-0103_010,tx_m,0.02,34720,3120,99,99,1.605
nuscenes,scene-0103_010,tx_m,0.05,34720,3116,99,99,4.014
nuscenes,scene-0103_010,tx_m,0.1,34720,3113,99,99,8.028
nuscenes,scene-0103_011,yaw_deg,0.0,34688,3097,91,91,0.0
nuscenes,scene-0103_011,yaw_deg,0.5,34688,3098,91,91,12.74
nuscenes,scene-0103_011,yaw_deg,1.0,34688,3099,91,87,25.437
nuscenes,scene-0103_011,yaw_deg,2.0,34688,3103,91,76,50.741
nuscenes,scene-0103_011,yaw_deg,3.0,34688,3103,91,66,75.888
nuscenes,scene-0103_011,tx_m,0.02,34688,3095,91,90,1.766
nuscenes,scene-0103_011,tx_m,0.05,34688,3095,91,90,4.414
nuscenes,scene-0103_011,tx_m,0.1,34688,3090,91,89,8.818
nuscenes,scene-0103_012,yaw_deg,0.0,34688,3023,125,125,0.0
nuscenes,scene-0103_012,yaw_deg,0.5,34688,3016,125,125,12.722
nuscenes,scene-0103_012,yaw_deg,1.0,34688,3020,125,122,25.415
nuscenes,scene-0103_012,yaw_deg,2.0,34688,3017,125,109,50.706
nuscenes,scene-0103_012,yaw_deg,3.0,34688,3013,125,98,75.908
nuscenes,scene-0103_012,tx_m,0.02,34688,3021,125,125,1.796
nuscenes,scene-0103_012,tx_m,0.05,34688,3020,125,125,4.492
nuscenes,scene-0103_012,tx_m,0.1,34688,3019,125,125,8.983
nuscenes,scene-0103_013,yaw_deg,0.0,34688,3024,182,182,0.0
nuscenes,scene-0103_013,yaw_deg,0.5,34688,3018,182,182,12.723
nuscenes,scene-0103_013,yaw_deg,1.0,34688,3014,182,181,25.413
nuscenes,scene-0103_013,yaw_deg,2.0,34688,3014,182,168,50.708
nuscenes,scene-0103_013,yaw_deg,3.0,34688,3009,182,155,75.878
nuscenes,scene-0103_013,tx_m,0.02,34688,3020,182,182,2.116
nuscenes,scene-0103_013,tx_m,0.05,34688,3020,182,182,5.298
nuscenes,scene-0103_013,tx_m,0.1,34688,3018,182,182,10.597
nuscenes,scene-0103_014,yaw_deg,0.0,34720,3013,292,292,0.0
nuscenes,scene-0103_014,yaw_deg,0.5,34720,3012,292,292,12.766
nuscenes,scene-0103_014,yaw_deg,1.0,34720,3006,292,286,25.51
nuscenes,scene-0103_014,yaw_deg,2.0,34720,2995,292,267,50.937
nuscenes,scene-0103_014,yaw_deg,3.0,34720,2998,292,252,76.334
nuscenes,scene-0103_014,tx_m,0.02,34720,3015,292,292,2.144
nuscenes,scene-0103_014,tx_m,0.05,34720,3009,292,292,5.359
nuscenes,scene-0103_014,tx_m,0.1,34720,3010,292,292,10.718
nuscenes,scene-0103_015,yaw_deg,0.0,34688,2935,356,356,0.0
nuscenes,scene-0103_015,yaw_deg,0.5,34688,2941,356,356,12.784
nuscenes,scene-0103_015,yaw_deg,1.0,34688,2943,356,352,25.531
nuscenes,scene-0103_015,yaw_deg,2.0,34688,2943,356,331,50.924
nuscenes,scene-0103_015,yaw_deg,3.0,34688,2940,356,316,76.186
nuscenes,scene-0103_015,tx_m,0.02,34688,2939,356,354,2.131
nuscenes,scene-0103_015,tx_m,0.05,34688,2936,356,353,5.326
nuscenes,scene-0103_015,tx_m,0.1,34688,2925,356,347,10.653
nuscenes,scene-0103_016,yaw_deg,0.0,34720,2951,320,318,0.0
nuscenes,scene-0103_016,yaw_deg,0.5,34720,2942,320,318,12.833
nuscenes,scene-0103_016,yaw_deg,1.0,34720,2940,320,316,25.633
nuscenes,scene-0103_016,yaw_deg,2.0,34720,2938,320,300,51.115
nuscenes,scene-0103_016,yaw_deg,3.0,34720,2935,320,283,76.495
nuscenes,scene-0103_016,tx_m,0.02,34720,2951,320,316,2.129
nuscenes,scene-0103_016,tx_m,0.05,34720,2952,320,315,5.309
nuscenes,scene-0103_016,tx_m,0.1,34720,2951,320,311,10.569
nuscenes,scene-0103_017,yaw_deg,0.0,34720,2940,305,304,0.0
nuscenes,scene-0103_017,yaw_deg,0.5,34720,2946,305,304,12.834
nuscenes,scene-0103_017,yaw_deg,1.0,34720,2928,305,298,25.652
nuscenes,scene-0103_017,yaw_deg,2.0,34720,2904,305,278,51.13
nuscenes,scene-0103_017,yaw_deg,3.0,34720,2902,305,256,76.538
nuscenes,scene-0103_017,tx_m,0.02,34720,2941,305,302,1.981
nuscenes,scene-0103_017,tx_m,0.05,34720,2942,305,298,4.951
nuscenes,scene-0103_017,tx_m,0.1,34720,2940,305,293,9.898
nuscenes,scene-0103_018,yaw_deg,0.0,34784,2938,327,327,0.0
nuscenes,scene-0103_018,yaw_deg,0.5,34784,2925,327,326,12.803
nuscenes,scene-0103_018,yaw_deg,1.0,34784,2933,327,321,25.583
nuscenes,scene-0103_018,yaw_deg,2.0,34784,2924,327,301,51.05
nuscenes,scene-0103_018,yaw_deg,3.0,34784,2898,327,270,76.389
nuscenes,scene-0103_018,tx_m,0.02,34784,2932,327,323,1.948
nuscenes,scene-0103_018,tx_m,0.05,34784,2935,327,321,4.871
nuscenes,scene-0103_018,tx_m,0.1,34784,2932,327,313,9.736
nuscenes,scene-0103_019,yaw_deg,0.0,34784,2958,257,256,0.0
nuscenes,scene-0103_019,yaw_deg,0.5,34784,2949,257,257,12.744
nuscenes,scene-0103_019,yaw_deg,1.0,34784,2946,257,251,25.455
nuscenes,scene-0103_019,yaw_deg,2.0,34784,2942,257,231,50.795
nuscenes,scene-0103_019,yaw_deg,3.0,34784,2933,257,209,76.052
nuscenes,scene-0103_019,tx_m,0.02,34784,2952,257,253,1.855
nuscenes,scene-0103_019,tx_m,0.05,34784,2954,257,251,4.636
nuscenes,scene-0103_019,tx_m,0.1,34784,2949,257,247,9.252
nuscenes,scene-0103_020,yaw_deg,0.0,34752,2990,238,238,0.0
nuscenes,scene-0103_020,yaw_deg,0.5,34752,2982,238,237,12.736
nuscenes,scene-0103_020,yaw_deg,1.0,34752,2973,238,234,25.441
nuscenes,scene-0103_020,yaw_deg,2.0,34752,2965,238,213,50.76
nuscenes,scene-0103_020,yaw_deg,3.0,34752,2960,238,184,75.966
nuscenes,scene-0103_020,tx_m,0.02,34752,2993,238,237,1.843
nuscenes,scene-0103_020,tx_m,0.05,34752,2993,238,233,4.566
nuscenes,scene-0103_020,tx_m,0.1,34752,2994,238,230,9.049
nuscenes,scene-0103_021,yaw_deg,0.0,34752,2996,224,223,0.0
nuscenes,scene-0103_021,yaw_deg,0.5,34752,2999,224,223,12.739
nuscenes,scene-0103_021,yaw_deg,1.0,34752,2987,224,215,25.447
nuscenes,scene-0103_021,yaw_deg,2.0,34752,2971,224,199,50.76
nuscenes,scene-0103_021,yaw_deg,3.0,34752,2960,224,180,75.956
nuscenes,scene-0103_021,tx_m,0.02,34752,2997,224,223,1.915
nuscenes,scene-0103_021,tx_m,0.05,34752,2996,224,220,4.785
nuscenes,scene-0103_021,tx_m,0.1,34752,3001,224,219,9.567
nuscenes,scene-0103_022,yaw_deg,0.0,34752,2943,203,203,0.0
nuscenes,scene-0103_022,yaw_deg,0.5,34752,2935,203,199,12.729
nuscenes,scene-0103_022,yaw_deg,1.0,34752,2927,203,192,25.431
nuscenes,scene-0103_022,yaw_deg,2.0,34752,2928,203,178,50.705
nuscenes,scene-0103_022,yaw_deg,3.0,34752,2942,203,157,75.829
nuscenes,scene-0103_022,tx_m,0.02,34752,2943,203,203,1.924
nuscenes,scene-0103_022,tx_m,0.05,34752,2944,203,203,4.807
nuscenes,scene-0103_022,tx_m,0.1,34752,2944,203,203,9.612
nuscenes,scene-0103_023,yaw_deg,0.0,34720,2992,231,231,0.0
nuscenes,scene-0103_023,yaw_deg,0.5,34720,2985,231,221,12.759
nuscenes,scene-0103_023,yaw_deg,1.0,34720,2988,231,205,25.485
nuscenes,scene-0103_023,yaw_deg,2.0,34720,2987,231,176,50.808
nuscenes,scene-0103_023,yaw_deg,3.0,34720,2979,231,150,76.005
nuscenes,scene-0103_023,tx_m,0.02,34720,2990,231,231,1.946
nuscenes,scene-0103_023,tx_m,0.05,34720,2993,231,231,4.87
nuscenes,scene-0103_023,tx_m,0.1,34720,2990,231,231,9.726
nuscenes,scene-0103_024,yaw_deg,0.0,34688,2952,188,188,0.0
nuscenes,scene-0103_024,yaw_deg,0.5,34688,2950,188,176,12.719
nuscenes,scene-0103_024,yaw_deg,1.0,34688,2952,188,163,25.4
nuscenes,scene-0103_024,yaw_deg,2.0,34688,2958,188,134,50.651
nuscenes,scene-0103_024,yaw_deg,3.0,34688,2956,188,105,75.804
nuscenes,scene-0103_024,tx_m,0.02,34688,2950,188,188,1.847
nuscenes,scene-0103_024,tx_m,0.05,34688,2959,188,187,4.618
nuscenes,scene-0103_024,tx_m,0.1,34688,2956,188,186,9.206
nuscenes,scene-0103_025,yaw_deg,0.0,34688,2941,85,85,0.0
nuscenes,scene-0103_025,yaw_deg,0.5,34688,2956,85,83,12.709
nuscenes,scene-0103_025,yaw_deg,1.0,34688,2954,85,74,25.384
nuscenes,scene-0103_025,yaw_deg,2.0,34688,2945,85,56,50.66
nuscenes,scene-0103_025,yaw_deg,3.0,34688,2945,85,44,75.744
nuscenes,scene-0103_025,tx_m,0.02,34688,2943,85,85,1.749
nuscenes,scene-0103_025,tx_m,0.05,34688,2940,85,85,4.367
nuscenes,scene-0103_025,tx_m,0.1,34688,2939,85,85,8.734
nuscenes,scene-0103_026,yaw_deg,0.0,34688,2882,105,105,0.0
nuscenes,scene-0103_026,yaw_deg,0.5,34688,2888,105,103,12.697
nuscenes,scene-0103_026,yaw_deg,1.0,34688,2887,105,99,25.331
nuscenes,scene-0103_026,yaw_deg,2.0,34688,2886,105,79,50.528
nuscenes,scene-0103_026,yaw_deg,3.0,34688,2882,105,60,75.628
nuscenes,scene-0103_026,tx_m,0.02,34688,2880,105,105,1.827
nuscenes,scene-0103_026,tx_m,0.05,34688,2879,105,105,4.558
nuscenes,scene-0103_026,tx_m,0.1,34688,2883,105,105,9.094
nuscenes,scene-0103_027,yaw_deg,0.0,34752,2840,116,116,0.0
nuscenes,scene-0103_027,yaw_deg,0.5,34752,2830,116,115,12.665
nuscenes,scene-0103_027,yaw_deg,1.0,34752,2839,116,109,25.32
nuscenes,scene-0103_027,yaw_deg,2.0,34752,2863,116,96,50.524
nuscenes,scene-0103_027,yaw_deg,3.0,34752,2873,116,80,75.611
nuscenes,scene-0103_027,tx_m,0.02,34752,2839,116,116,1.807
nuscenes,scene-0103_027,tx_m,0.05,34752,2839,116,116,4.508
nuscenes,scene-0103_027,tx_m,0.1,34752,2838,116,116,9.003
nuscenes,scene-0103_028,yaw_deg,0.0,34720,2791,139,139,0.0
nuscenes,scene-0103_028,yaw_deg,0.5,34720,2796,139,136,12.622
nuscenes,scene-0103_028,yaw_deg,1.0,34720,2802,139,128,25.228
nuscenes,scene-0103_028,yaw_deg,2.0,34720,2807,139,110,50.369
nuscenes,scene-0103_028,yaw_deg,3.0,34720,2819,139,91,75.383
nuscenes,scene-0103_028,tx_m,0.02,34720,2792,139,139,1.802
nuscenes,scene-0103_028,tx_m,0.05,34720,2787,139,139,4.499
nuscenes,scene-0103_028,tx_m,0.1,34720,2783,139,139,8.999
nuscenes,scene-0103_029,yaw_deg,0.0,34720,2785,173,173,0.0
nuscenes,scene-0103_029,yaw_deg,0.5,34720,2793,173,168,12.648
nuscenes,scene-0103_029,yaw_deg,1.0,34720,2799,173,156,25.271
nuscenes,scene-0103_029,yaw_deg,2.0,34720,2805,173,132,50.423
nuscenes,scene-0103_029,yaw_deg,3.0,34720,2814,173,108,75.427
nuscenes,scene-0103_029,tx_m,0.02,34720,2786,173,173,1.764
nuscenes,scene-0103_029,tx_m,0.05,34720,2784,173,173,4.408
nuscenes,scene-0103_029,tx_m,0.1,34720,2780,173,173,8.811
nuscenes,scene-0103_030,yaw_deg,0.0,34688,2826,231,231,0.0
nuscenes,scene-0103_030,yaw_deg,0.5,34688,2826,231,225,12.647
nuscenes,scene-0103_030,yaw_deg,1.0,34688,2833,231,213,25.264
nuscenes,scene-0103_030,yaw_deg,2.0,34688,2838,231,190,50.446
nuscenes,scene-0103_030,yaw_deg,3.0,34688,2841,231,166,75.522
nuscenes,scene-0103_030,tx_m,0.02,34688,2821,231,231,1.902
nuscenes,scene-0103_030,tx_m,0.05,34688,2823,231,231,4.757
nuscenes,scene-0103_030,tx_m,0.1,34688,2816,231,231,9.507
nuscenes,scene-0103_031,yaw_deg,0.0,34688,2820,316,316,0.0
nuscenes,scene-0103_031,yaw_deg,0.5,34688,2829,316,314,12.653
nuscenes,scene-0103_031,yaw_deg,1.0,34688,2832,316,307,25.27
nuscenes,scene-0103_031,yaw_deg,2.0,34688,2833,316,276,50.395
nuscenes,scene-0103_031,yaw_deg,3.0,34688,2837,316,233,75.467
nuscenes,scene-0103_031,tx_m,0.02,34688,2821,316,314,1.977
nuscenes,scene-0103_031,tx_m,0.05,34688,2818,316,311,4.919
nuscenes,scene-0103_031,tx_m,0.1,34688,2818,316,308,9.838
nuscenes,scene-0103_032,yaw_deg,0.0,34752,2837,324,324,0.0
nuscenes,scene-0103_032,yaw_deg,0.5,34752,2839,324,321,12.676
nuscenes,scene-0103_032,yaw_deg,1.0,34752,2831,324,311,25.317
nuscenes,scene-0103_032,yaw_deg,2.0,34752,2823,324,273,50.476
nuscenes,scene-0103_032,yaw_deg,3.0,34752,2821,324,227,75.574
nuscenes,scene-0103_032,tx_m,0.02,34752,2842,324,324,1.874
nuscenes,scene-0103_032,tx_m,0.05,34752,2840,324,322,4.681
nuscenes,scene-0103_032,tx_m,0.1,34752,2840,324,321,9.351
nuscenes,scene-0103_033,yaw_deg,0.0,34784,2853,374,374,0.0
nuscenes,scene-0103_033,yaw_deg,0.5,34784,2846,374,368,12.659
nuscenes,scene-0103_033,yaw_deg,1.0,34784,2850,374,357,25.295
nuscenes,scene-0103_033,yaw_deg,2.0,34784,2844,374,324,50.489
nuscenes,scene-0103_033,yaw_deg,3.0,34784,2840,374,281,75.525
nuscenes,scene-0103_033,tx_m,0.02,34784,2853,374,372,1.942
nuscenes,scene-0103_033,tx_m,0.05,34784,2855,374,371,4.855
nuscenes,scene-0103_033,tx_m,0.1,34784,2849,374,369,9.7
nuscenes,scene-0103_034,yaw_deg,0.0,34688,2844,428,427,0.0
nuscenes,scene-0103_034,yaw_deg,0.5,34688,2836,428,418,12.69
nuscenes,scene-0103_034,yaw_deg,1.0,34688,2836,428,408,25.326
nuscenes,scene-0103_034,yaw_deg,2.0,34688,2830,428,370,50.534
nuscenes,scene-0103_034,yaw_deg,3.0,34688,2824,428,324,75.564
nuscenes,scene-0103_034,tx_m,0.02,34688,2840,428,427,1.926
nuscenes,scene-0103_034,tx_m,0.05,34688,2844,428,427,4.814
nuscenes,scene-0103_034,tx_m,0.1,34688,2844,428,424,9.628
nuscenes,scene-0103_035,yaw_deg,0.0,34720,2809,382,381,0.0
nuscenes,scene-0103_035,yaw_deg,0.5,34720,2795,382,369,12.685
nuscenes,scene-0103_035,yaw_deg,1.0,34720,2785,382,353,25.329
nuscenes,scene-0103_035,yaw_deg,2.0,34720,2781,382,306,50.476
nuscenes,scene-0103_035,yaw_deg,3.0,34720,2776,382,243,75.378
nuscenes,scene-0103_035,tx_m,0.02,34720,2806,382,378,2.087
nuscenes,scene-0103_035,tx_m,0.05,34720,2809,382,377,5.215
nuscenes,scene-0103_035,tx_m,0.1,34720,2807,382,373,10.403
nuscenes,scene-0103_036,yaw_deg,0.0,34752,2795,277,277,0.0
nuscenes,scene-0103_036,yaw_deg,0.5,34752,2804,277,273,12.613
nuscenes,scene-0103_036,yaw_deg,1.0,34752,2795,277,263,25.179
nuscenes,scene-0103_036,yaw_deg,2.0,34752,2795,277,239,50.178
nuscenes,scene-0103_036,yaw_deg,3.0,34752,2786,277,208,75.021
nuscenes,scene-0103_036,tx_m,0.02,34752,2795,277,276,1.991
nuscenes,scene-0103_036,tx_m,0.05,34752,2792,277,275,4.975
nuscenes,scene-0103_036,tx_m,0.1,34752,2789,277,270,9.93
nuscenes,scene-0103_037,yaw_deg,0.0,34720,2721,337,336,0.0
nuscenes,scene-0103_037,yaw_deg,0.5,34720,2714,337,330,12.603
nuscenes,scene-0103_037,yaw_deg,1.0,34720,2712,337,318,25.154
nuscenes,scene-0103_037,yaw_deg,2.0,34720,2707,337,289,50.134
nuscenes,scene-0103_037,yaw_deg,3.0,34720,2709,337,255,74.919
nuscenes,scene-0103_037,tx_m,0.02,34720,2718,337,333,2.283
nuscenes,scene-0103_037,tx_m,0.05,34720,2717,337,332,5.696
nuscenes,scene-0103_037,tx_m,0.1,34720,2716,337,327,11.128
nuscenes,scene-0103_038,yaw_deg,0.0,34752,2734,269,269,0.0
nuscenes,scene-0103_038,yaw_deg,0.5,34752,2738,269,269,12.363
nuscenes,scene-0103_038,yaw_deg,1.0,34752,2735,269,265,24.706
nuscenes,scene-0103_038,yaw_deg,2.0,34752,2743,269,242,49.359
nuscenes,scene-0103_038,yaw_deg,3.0,34752,2753,269,214,74.055
nuscenes,scene-0103_038,tx_m,0.02,34752,2733,269,268,1.989
nuscenes,scene-0103_038,tx_m,0.05,34752,2737,269,267,4.977
nuscenes,scene-0103_038,tx_m,0.1,34752,2736,269,263,9.892
nuscenes,scene-0103_039,yaw_deg,0.0,34720,2695,265,265,0.0
nuscenes,scene-0103_039,yaw_deg,0.5,34720,2702,265,263,12.516
nuscenes,scene-0103_039,yaw_deg,1.0,34720,2718,265,257,25.014
nuscenes,scene-0103_039,yaw_deg,2.0,34720,2741,265,237,49.961
nuscenes,scene-0103_039,yaw_deg,3.0,34720,2753,265,208,74.769
nuscenes,scene-0103_039,tx_m,0.02,34720,2691,265,265,2.03
nuscenes,scene-0103_039,tx_m,0.05,34720,2690,265,265,5.075
nuscenes,scene-0103_039,tx_m,0.1,34720,2685,265,265,10.151
nuscenes,scene-1094_000,yaw_deg,0.0,34400,3549,592,592,0.0
nuscenes,scene-1094_000,yaw_deg,0.5,34400,3559,592,587,12.69
nuscenes,scene-1094_000,yaw_deg,1.0,34400,3570,592,575,25.378
nuscenes,scene-1094_000,yaw_deg,2.0,34400,3587,592,526,50.729
nuscenes,scene-1094_000,yaw_deg,3.0,34400,3598,592,489,76.077
nuscenes,scene-1094_000,tx_m,0.02,34400,3550,592,592,0.809
nuscenes,scene-1094_000,tx_m,0.05,34400,3552,592,592,2.023
nuscenes,scene-1094_000,tx_m,0.1,34400,3557,592,592,4.039
nuscenes,scene-1094_001,yaw_deg,0.0,34688,3555,572,572,0.0
nuscenes,scene-1094_001,yaw_deg,0.5,34688,3562,572,567,12.646
nuscenes,scene-1094_001,yaw_deg,1.0,34688,3560,572,559,25.273
nuscenes,scene-1094_001,yaw_deg,2.0,34688,3567,572,521,50.51
nuscenes,scene-1094_001,yaw_deg,3.0,34688,3571,572,463,75.7
nuscenes,scene-1094_001,tx_m,0.02,34688,3556,572,572,0.853
nuscenes,scene-1094_001,tx_m,0.05,34688,3555,572,572,2.132
nuscenes,scene-1094_001,tx_m,0.1,34688,3552,572,572,4.263
nuscenes,scene-1094_002,yaw_deg,0.0,34720,3551,560,560,0.0
nuscenes,scene-1094_002,yaw_deg,0.5,34720,3556,560,558,12.574
nuscenes,scene-1094_002,yaw_deg,1.0,34720,3551,560,546,25.128
nuscenes,scene-1094_002,yaw_deg,2.0,34720,3544,560,504,50.219
nuscenes,scene-1094_002,yaw_deg,3.0,34720,3542,560,456,75.284
nuscenes,scene-1094_002,tx_m,0.02,34720,3552,560,560,0.813
nuscenes,scene-1094_002,tx_m,0.05,34720,3552,560,559,2.031
nuscenes,scene-1094_002,tx_m,0.1,34720,3553,560,558,4.06
nuscenes,scene-1094_003,yaw_deg,0.0,34688,3581,550,550,0.0
nuscenes,scene-1094_003,yaw_deg,0.5,34688,3583,550,547,12.539
nuscenes,scene-1094_003,yaw_deg,1.0,34688,3587,550,533,25.067
nuscenes,scene-1094_003,yaw_deg,2.0,34688,3589,550,485,50.107
nuscenes,scene-1094_003,yaw_deg,3.0,34688,3576,550,443,75.094
nuscenes,scene-1094_003,tx_m,0.02,34688,3580,550,548,0.814
nuscenes,scene-1094_003,tx_m,0.05,34688,3578,550,547,2.035
nuscenes,scene-1094_003,tx_m,0.1,34688,3572,550,544,4.068
nuscenes,scene-1094_004,yaw_deg,0.0,34720,3602,538,538,0.0
nuscenes,scene-1094_004,yaw_deg,0.5,34720,3599,538,531,12.546
nuscenes,scene-1094_004,yaw_deg,1.0,34720,3593,538,508,25.089
nuscenes,scene-1094_004,yaw_deg,2.0,34720,3558,538,476,50.134
nuscenes,scene-1094_004,yaw_deg,3.0,34720,3531,538,445,75.147
nuscenes,scene-1094_004,tx_m,0.02,34720,3598,538,536,0.863
nuscenes,scene-1094_004,tx_m,0.05,34720,3595,538,536,2.169
nuscenes,scene-1094_004,tx_m,0.1,34720,3594,538,533,4.313
nuscenes,scene-1094_005,yaw_deg,0.0,34752,3548,565,565,0.0
nuscenes,scene-1094_005,yaw_deg,0.5,34752,3550,565,556,12.565
nuscenes,scene-1094_005,yaw_deg,1.0,34752,3550,565,534,25.115
nuscenes,scene-1094_005,yaw_deg,2.0,34752,3554,565,489,50.183
nuscenes,scene-1094_005,yaw_deg,3.0,34752,3569,565,451,75.236
nuscenes,scene-1094_005,tx_m,0.02,34752,3551,565,565,0.843
nuscenes,scene-1094_005,tx_m,0.05,34752,3549,565,565,2.107
nuscenes,scene-1094_005,tx_m,0.1,34752,3558,565,565,4.212
nuscenes,scene-1094_006,yaw_deg,0.0,34688,3602,567,567,0.0
nuscenes,scene-1094_006,yaw_deg,0.5,34688,3617,567,562,12.625
nuscenes,scene-1094_006,yaw_deg,1.0,34688,3629,567,545,25.228
nuscenes,scene-1094_006,yaw_deg,2.0,34688,3637,567,512,50.381
nuscenes,scene-1094_006,yaw_deg,3.0,34688,3631,567,476,75.442
nuscenes,scene-1094_006,tx_m,0.02,34688,3600,567,567,0.86
nuscenes,scene-1094_006,tx_m,0.05,34688,3600,567,567,2.15
nuscenes,scene-1094_006,tx_m,0.1,34688,3598,567,567,4.297
nuscenes,scene-1094_007,yaw_deg,0.0,34720,3678,609,609,0.0
nuscenes,scene-1094_007,yaw_deg,0.5,34720,3676,609,603,12.634
nuscenes,scene-1094_007,yaw_deg,1.0,34720,3678,609,578,25.229
nuscenes,scene-1094_007,yaw_deg,2.0,34720,3681,609,533,50.324
nuscenes,scene-1094_007,yaw_deg,3.0,34720,3682,609,500,75.342
nuscenes,scene-1094_007,tx_m,0.02,34720,3676,609,609,0.988
nuscenes,scene-1094_007,tx_m,0.05,34720,3673,609,609,2.469
nuscenes,scene-1094_007,tx_m,0.1,34720,3671,609,609,4.938
nuscenes,scene-1094_008,yaw_deg,0.0,34752,3646,633,633,0.0
nuscenes,scene-1094_008,yaw_deg,0.5,34752,3650,633,625,12.616
nuscenes,scene-1094_008,yaw_deg,1.0,34752,3652,633,607,25.19
nuscenes,scene-1094_008,yaw_deg,2.0,34752,3647,633,556,50.202
nuscenes,scene-1094_008,yaw_deg,3.0,34752,3653,633,509,75.057
nuscenes,scene-1094_008,tx_m,0.02,34752,3650,633,633,1.052
nuscenes,scene-1094_008,tx_m,0.05,34752,3648,633,633,2.627
nuscenes,scene-1094_008,tx_m,0.1,34752,3649,633,631,5.253
nuscenes,scene-1094_009,yaw_deg,0.0,34720,3620,454,454,0.0
nuscenes,scene-1094_009,yaw_deg,0.5,34720,3624,454,439,12.524
nuscenes,scene-1094_009,yaw_deg,1.0,34720,3633,454,417,25.036
nuscenes,scene-1094_009,yaw_deg,2.0,34720,3636,454,358,49.966
nuscenes,scene-1094_009,yaw_deg,3.0,34720,3641,454,302,74.852
nuscenes,scene-1094_009,tx_m,0.02,34720,3621,454,454,1.141
nuscenes,scene-1094_009,tx_m,0.05,34720,3620,454,454,2.85
nuscenes,scene-1094_009,tx_m,0.1,34720,3626,454,453,5.695
nuscenes,scene-1094_010,yaw_deg,0.0,34688,3592,355,355,0.0
nuscenes,scene-1094_010,yaw_deg,0.5,34688,3594,355,343,12.59
nuscenes,scene-1094_010,yaw_deg,1.0,34688,3600,355,323,25.162
nuscenes,scene-1094_010,yaw_deg,2.0,34688,3609,355,269,50.246
nuscenes,scene-1094_010,yaw_deg,3.0,34688,3618,355,217,75.264
nuscenes,scene-1094_010,tx_m,0.02,34688,3592,355,355,1.26
nuscenes,scene-1094_010,tx_m,0.05,34688,3592,355,355,3.151
nuscenes,scene-1094_010,tx_m,0.1,34688,3594,355,354,6.293
nuscenes,scene-1094_011,yaw_deg,0.0,34688,3559,336,336,0.0
nuscenes,scene-1094_011,yaw_deg,0.5,34688,3567,336,323,12.589
nuscenes,scene-1094_011,yaw_deg,1.0,34688,3579,336,311,25.162
nuscenes,scene-1094_011,yaw_deg,2.0,34688,3599,336,272,50.26
nuscenes,scene-1094_011,yaw_deg,3.0,34688,3606,336,235,75.274
nuscenes,scene-1094_011,tx_m,0.02,34688,3557,336,336,1.413
nuscenes,scene-1094_011,tx_m,0.05,34688,3557,336,336,3.53
nuscenes,scene-1094_011,tx_m,0.1,34688,3553,336,336,7.049
nuscenes,scene-1094_012,yaw_deg,0.0,34752,3384,429,429,0.0
nuscenes,scene-1094_012,yaw_deg,0.5,34752,3396,429,418,12.533
nuscenes,scene-1094_012,yaw_deg,1.0,34752,3419,429,401,25.057
nuscenes,scene-1094_012,yaw_deg,2.0,34752,3459,429,355,50.073
nuscenes,scene-1094_012,yaw_deg,3.0,34752,3479,429,309,74.964
nuscenes,scene-1094_012,tx_m,0.02,34752,3381,429,429,1.648
nuscenes,scene-1094_012,tx_m,0.05,34752,3386,429,429,4.123
nuscenes,scene-1094_012,tx_m,0.1,34752,3380,429,429,8.237
nuscenes,scene-1094_013,yaw_deg,0.0,34752,3177,482,482,0.0
nuscenes,scene-1094_013,yaw_deg,0.5,34752,3181,482,475,12.54
nuscenes,scene-1094_013,yaw_deg,1.0,34752,3187,482,463,25.052
nuscenes,scene-1094_013,yaw_deg,2.0,34752,3203,482,415,50.005
nuscenes,scene-1094_013,yaw_deg,3.0,34752,3223,482,358,74.859
nuscenes,scene-1094_013,tx_m,0.02,34752,3178,482,482,1.881
nuscenes,scene-1094_013,tx_m,0.05,34752,3174,482,482,4.705
nuscenes,scene-1094_013,tx_m,0.1,34752,3173,482,478,9.4
nuscenes,scene-1094_014,yaw_deg,0.0,34720,2899,578,578,0.0
nuscenes,scene-1094_014,yaw_deg,0.5,34720,2903,578,578,12.692
nuscenes,scene-1094_014,yaw_deg,1.0,34720,2914,578,568,25.338
nuscenes,scene-1094_014,yaw_deg,2.0,34720,2940,578,522,50.555
nuscenes,scene-1094_014,yaw_deg,3.0,34720,2974,578,474,75.707
nuscenes,scene-1094_014,tx_m,0.02,34720,2899,578,578,2.257
nuscenes,scene-1094_014,tx_m,0.05,34720,2894,578,578,5.64
nuscenes,scene-1094_014,tx_m,0.1,34720,2892,578,577,11.28
nuscenes,scene-1094_015,yaw_deg,0.0,34752,2825,479,479,0.0
nuscenes,scene-1094_015,yaw_deg,0.5,34752,2838,479,475,12.98
nuscenes,scene-1094_015,yaw_deg,1.0,34752,2832,479,463,25.926
nuscenes,scene-1094_015,yaw_deg,2.0,34752,2830,479,429,51.645
nuscenes,scene-1094_015,yaw_deg,3.0,34752,2825,479,375,77.218
nuscenes,scene-1094_015,tx_m,0.02,34752,2826,479,478,2.459
nuscenes,scene-1094_015,tx_m,0.05,34752,2824,479,474,6.141
nuscenes,scene-1094_015,tx_m,0.1,34752,2820,479,468,12.273
nuscenes,scene-1094_016,yaw_deg,0.0,34816,2790,177,176,0.0
nuscenes,scene-1094_016,yaw_deg,0.5,34816,2791,177,176,12.829
nuscenes,scene-1094_016,yaw_deg,1.0,34816,2802,177,160,25.637
nuscenes,scene-1094_016,yaw_deg,2.0,34816,2825,177,137,51.258
nuscenes,scene-1094_016,yaw_deg,3.0,34816,2830,177,112,76.689
nuscenes,scene-1094_016,tx_m,0.02,34816,2787,177,171,2.396
nuscenes,scene-1094_016,tx_m,0.05,34816,2790,177,171,5.958
nuscenes,scene-1094_016,tx_m,0.1,34816,2791,177,165,11.701
nuscenes,scene-1094_017,yaw_deg,0.0,34752,2795,142,142,0.0
nuscenes,scene-1094_017,yaw_deg,0.5,34752,2793,142,141,12.744
nuscenes,scene-1094_017,yaw_deg,1.0,34752,2791,142,134,25.471
nuscenes,scene-1094_017,yaw_deg,2.0,34752,2786,142,120,50.803
nuscenes,scene-1094_017,yaw_deg,3.0,34752,2786,142,90,76.056
nuscenes,scene-1094_017,tx_m,0.02,34752,2791,142,140,2.331
nuscenes,scene-1094_017,tx_m,0.05,34752,2797,142,139,5.831
nuscenes,scene-1094_017,tx_m,0.1,34752,2796,142,137,11.643
nuscenes,scene-1094_018,yaw_deg,0.0,34688,2766,95,95,0.0
nuscenes,scene-1094_018,yaw_deg,0.5,34688,2757,95,92,12.707
nuscenes,scene-1094_018,yaw_deg,1.0,34688,2757,95,89,25.392
nuscenes,scene-1094_018,yaw_deg,2.0,34688,2740,95,79,50.689
nuscenes,scene-1094_018,yaw_deg,3.0,34688,2728,95,63,75.9
nuscenes,scene-1094_018,tx_m,0.02,34688,2765,95,95,2.336
nuscenes,scene-1094_018,tx_m,0.05,34688,2763,95,94,5.826
nuscenes,scene-1094_018,tx_m,0.1,34688,2764,95,94,11.573
nuscenes,scene-1094_019,yaw_deg,0.0,34688,2829,113,113,0.0
nuscenes,scene-1094_019,yaw_deg,0.5,34688,2823,113,109,12.674
nuscenes,scene-1094_019,yaw_deg,1.0,34688,2814,113,103,25.32
nuscenes,scene-1094_019,yaw_deg,2.0,34688,2804,113,86,50.46
nuscenes,scene-1094_019,yaw_deg,3.0,34688,2785,113,62,75.456
nuscenes,scene-1094_019,tx_m,0.02,34688,2830,113,113,2.365
nuscenes,scene-1094_019,tx_m,0.05,34688,2835,113,113,5.899
nuscenes,scene-1094_019,tx_m,0.1,34688,2837,113,112,11.719
nuscenes,scene-1094_020,yaw_deg,0.0,34720,2805,90,90,0.0
nuscenes,scene-1094_020,yaw_deg,0.5,34720,2792,90,87,12.511
nuscenes,scene-1094_020,yaw_deg,1.0,34720,2793,90,83,25.005
nuscenes,scene-1094_020,yaw_deg,2.0,34720,2783,90,66,49.993
nuscenes,scene-1094_020,yaw_deg,3.0,34720,2765,90,51,74.871
nuscenes,scene-1094_020,tx_m,0.02,34720,2805,90,90,2.602
nuscenes,scene-1094_020,tx_m,0.05,34720,2812,90,89,6.505
nuscenes,scene-1094_020,tx_m,0.1,34720,2818,90,87,13.009
nuscenes,scene-1094_021,yaw_deg,0.0,34688,2784,80,80,0.0
nuscenes,scene-1094_021,yaw_deg,0.5,34688,2784,80,76,12.441
nuscenes,scene-1094_021,yaw_deg,1.0,34688,2790,80,72,24.866
nuscenes,scene-1094_021,yaw_deg,2.0,34688,2771,80,52,49.684
nuscenes,scene-1094_021,yaw_deg,3.0,34688,2762,80,31,74.459
nuscenes,scene-1094_021,tx_m,0.02,34688,2783,80,80,2.096
nuscenes,scene-1094_021,tx_m,0.05,34688,2782,80,79,5.238
nuscenes,scene-1094_021,tx_m,0.1,34688,2783,80,79,10.462
nuscenes,scene-1094_022,yaw_deg,0.0,34656,2873,52,52,0.0
nuscenes,scene-1094_022,yaw_deg,0.5,34656,2866,52,48,12.361
nuscenes,scene-1094_022,yaw_deg,1.0,34656,2865,52,46,24.722
nuscenes,scene-1094_022,yaw_deg,2.0,34656,2861,52,38,49.386
nuscenes,scene-1094_022,yaw_deg,3.0,34656,2854,52,29,74.035
nuscenes,scene-1094_022,tx_m,0.02,34656,2880,52,52,1.726
nuscenes,scene-1094_022,tx_m,0.05,34656,2879,52,52,4.307
nuscenes,scene-1094_022,tx_m,0.1,34656,2882,52,52,8.591
nuscenes,scene-1094_023,yaw_deg,0.0,34688,2989,34,34,0.0
nuscenes,scene-1094_023,yaw_deg,0.5,34688,2977,34,32,12.503
nuscenes,scene-1094_023,yaw_deg,1.0,34688,2969,34,30,24.98
nuscenes,scene-1094_023,yaw_deg,2.0,34688,2948,34,15,49.9
nuscenes,scene-1094_023,yaw_deg,3.0,34688,2932,34,7,74.731
nuscenes,scene-1094_023,tx_m,0.02,34688,2991,34,34,2.062
nuscenes,scene-1094_023,tx_m,0.05,34688,2989,34,34,5.155
nuscenes,scene-1094_023,tx_m,0.1,34688,2989,34,31,10.303
nuscenes,scene-1094_024,yaw_deg,0.0,34688,2983,45,45,0.0
nuscenes,scene-1094_024,yaw_deg,0.5,34688,2968,45,43,12.52
nuscenes,scene-1094_024,yaw_deg,1.0,34688,2959,45,38,25.009
nuscenes,scene-1094_024,yaw_deg,2.0,34688,2930,45,22,49.9
nuscenes,scene-1094_024,yaw_deg,3.0,34688,2924,45,10,74.729
nuscenes,scene-1094_024,tx_m,0.02,34688,2983,45,45,2.046
nuscenes,scene-1094_024,tx_m,0.05,34688,2986,45,44,5.112
nuscenes,scene-1094_024,tx_m,0.1,34688,2986,45,44,10.209
nuscenes,scene-1094_025,yaw_deg,0.0,34720,2993,67,67,0.0
nuscenes,scene-1094_025,yaw_deg,0.5,34720,2984,67,63,12.53
nuscenes,scene-1094_025,yaw_deg,1.0,34720,2974,67,57,25.053
nuscenes,scene-1094_025,yaw_deg,2.0,34720,2956,67,36,49.961
nuscenes,scene-1094_025,yaw_deg,3.0,34720,2923,67,15,74.741
nuscenes,scene-1094_025,tx_m,0.02,34720,2992,67,67,2.005
nuscenes,scene-1094_025,tx_m,0.05,34720,2996,67,66,5.002
nuscenes,scene-1094_025,tx_m,0.1,34720,2991,67,66,9.943
nuscenes,scene-1094_026,yaw_deg,0.0,34752,3004,52,52,0.0
nuscenes,scene-1094_026,yaw_deg,0.5,34752,3000,52,49,12.616
nuscenes,scene-1094_026,yaw_deg,1.0,34752,2992,52,44,25.184
nuscenes,scene-1094_026,yaw_deg,2.0,34752,2972,52,24,50.19
nuscenes,scene-1094_026,yaw_deg,3.0,34752,2952,52,12,74.98
nuscenes,scene-1094_026,tx_m,0.02,34752,3002,52,52,2.2
nuscenes,scene-1094_026,tx_m,0.05,34752,3008,52,52,5.5
nuscenes,scene-1094_026,tx_m,0.1,34752,3006,52,52,10.99
nuscenes,scene-1094_027,yaw_deg,0.0,34752,3019,75,75,0.0
nuscenes,scene-1094_027,yaw_deg,0.5,34752,3012,75,73,12.438
nuscenes,scene-1094_027,yaw_deg,1.0,34752,2990,75,65,24.81
nuscenes,scene-1094_027,yaw_deg,2.0,34752,2963,75,39,49.466
nuscenes,scene-1094_027,yaw_deg,3.0,34752,2947,75,15,74.002
nuscenes,scene-1094_027,tx_m,0.02,34752,3027,75,75,2.153
nuscenes,scene-1094_027,tx_m,0.05,34752,3032,75,75,5.382
nuscenes,scene-1094_027,tx_m,0.1,34752,3037,75,73,10.76
nuscenes,scene-1094_028,yaw_deg,0.0,34752,2981,83,83,0.0
nuscenes,scene-1094_028,yaw_deg,0.5,34752,2975,83,82,12.42
nuscenes,scene-1094_028,yaw_deg,1.0,34752,2967,83,77,24.831
nuscenes,scene-1094_028,yaw_deg,2.0,34752,2951,83,66,49.614
nuscenes,scene-1094_028,yaw_deg,3.0,34752,2955,83,51,74.344
nuscenes,scene-1094_028,tx_m,0.02,34752,2980,83,83,1.769
nuscenes,scene-1094_028,tx_m,0.05,34752,2982,83,83,4.418
nuscenes,scene-1094_028,tx_m,0.1,34752,2986,83,80,8.826
nuscenes,scene-1094_029,yaw_deg,0.0,34720,3048,50,50,0.0
nuscenes,scene-1094_029,yaw_deg,0.5,34720,3039,50,49,12.454
nuscenes,scene-1094_029,yaw_deg,1.0,34720,3039,50,45,24.898
nuscenes,scene-1094_029,yaw_deg,2.0,34720,3040,50,24,49.716
nuscenes,scene-1094_029,yaw_deg,3.0,34720,3043,50,9,74.458
nuscenes,scene-1094_029,tx_m,0.02,34720,3047,50,49,1.837
nuscenes,scene-1094_029,tx_m,0.05,34720,3051,50,49,4.592
nuscenes,scene-1094_029,tx_m,0.1,34720,3053,50,49,9.174
nuscenes,scene-1094_030,yaw_deg,0.0,34720,3095,82,82,0.0
nuscenes,scene-1094_030,yaw_deg,0.5,34720,3095,82,81,12.499
nuscenes,scene-1094_030,yaw_deg,1.0,34720,3099,82,76,24.979
nuscenes,scene-1094_030,yaw_deg,2.0,34720,3099,82,45,49.864
nuscenes,scene-1094_030,yaw_deg,3.0,34720,3095,82,26,74.675
nuscenes,scene-1094_030,tx_m,0.02,34720,3094,82,82,1.72
nuscenes,scene-1094_030,tx_m,0.05,34720,3096,82,82,4.294
nuscenes,scene-1094_030,tx_m,0.1,34720,3095,82,82,8.55
nuscenes,scene-1094_031,yaw_deg,0.0,34752,3088,56,56,0.0
nuscenes,scene-1094_031,yaw_deg,0.5,34752,3089,56,54,12.506
nuscenes,scene-1094_031,yaw_deg,1.0,34752,3099,56,50,24.986
nuscenes,scene-1094_031,yaw_deg,2.0,34752,3093,56,38,49.847
nuscenes,scene-1094_031,yaw_deg,3.0,34752,3084,56,28,74.656
nuscenes,scene-1094_031,tx_m,0.02,34752,3085,56,56,1.599
nuscenes,scene-1094_031,tx_m,0.05,34752,3088,56,56,3.998
nuscenes,scene-1094_031,tx_m,0.1,34752,3085,56,56,7.994
nuscenes,scene-1094_032,yaw_deg,0.0,34784,2999,115,115,0.0
nuscenes,scene-1094_032,yaw_deg,0.5,34784,2989,115,115,12.467
nuscenes,scene-1094_032,yaw_deg,1.0,34784,2993,115,110,24.9
nuscenes,scene-1094_032,yaw_deg,2.0,34784,3003,115,99,49.709
nuscenes,scene-1094_032,yaw_deg,3.0,34784,2990,115,88,74.396
nuscenes,scene-1094_032,tx_m,0.02,34784,3000,115,115,1.807
nuscenes,scene-1094_032,tx_m,0.05,34784,3002,115,115,4.518
nuscenes,scene-1094_032,tx_m,0.1,34784,3001,115,115,9.029
nuscenes,scene-1094_033,yaw_deg,0.0,34720,3016,96,96,0.0
nuscenes,scene-1094_033,yaw_deg,0.5,34720,3029,96,96,12.516
nuscenes,scene-1094_033,yaw_deg,1.0,34720,3021,96,89,24.995
nuscenes,scene-1094_033,yaw_deg,2.0,34720,3025,96,66,49.877
nuscenes,scene-1094_033,yaw_deg,3.0,34720,3025,96,47,74.667
nuscenes,scene-1094_033,tx_m,0.02,34720,3019,96,95,1.999
nuscenes,scene-1094_033,tx_m,0.05,34720,3019,96,95,4.994
nuscenes,scene-1094_033,tx_m,0.1,34720,3020,96,93,9.967
nuscenes,scene-1094_034,yaw_deg,0.0,34720,2856,20,20,0.0
nuscenes,scene-1094_034,yaw_deg,0.5,34720,2850,20,20,12.555
nuscenes,scene-1094_034,yaw_deg,1.0,34720,2861,20,19,25.065
nuscenes,scene-1094_034,yaw_deg,2.0,34720,2862,20,10,49.965
nuscenes,scene-1094_034,yaw_deg,3.0,34720,2860,20,1,74.766
nuscenes,scene-1094_034,tx_m,0.02,34720,2850,20,20,2.405
nuscenes,scene-1094_034,tx_m,0.05,34720,2853,20,20,6.012
nuscenes,scene-1094_034,tx_m,0.1,34720,2856,20,20,12.016
nuscenes,scene-1094_035,yaw_deg,0.0,34720,2820,8,8,0.0
nuscenes,scene-1094_035,yaw_deg,0.5,34720,2813,8,8,12.475
nuscenes,scene-1094_035,yaw_deg,1.0,34720,2818,8,7,24.941
nuscenes,scene-1094_035,yaw_deg,2.0,34720,2808,8,4,49.813
nuscenes,scene-1094_035,yaw_deg,3.0,34720,2806,8,1,74.588
nuscenes,scene-1094_035,tx_m,0.02,34720,2819,8,8,2.013
nuscenes,scene-1094_035,tx_m,0.05,34720,2823,8,8,5.031
nuscenes,scene-1094_035,tx_m,0.1,34720,2819,8,8,10.06
nuscenes,scene-1094_036,yaw_deg,0.0,34720,2760,17,17,0.0
nuscenes,scene-1094_036,yaw_deg,0.5,34720,2758,17,17,12.444
nuscenes,scene-1094_036,yaw_deg,1.0,34720,2759,17,14,24.864
nuscenes,scene-1094_036,yaw_deg,2.0,34720,2747,17,8,49.599
nuscenes,scene-1094_036,yaw_deg,3.0,34720,2743,17,2,74.254
nuscenes,scene-1094_036,tx_m,0.02,34720,2762,17,17,2.207
nuscenes,scene-1094_036,tx_m,0.05,34720,2765,17,17,5.517
nuscenes,scene-1094_036,tx_m,0.1,34720,2768,17,17,11.021
nuscenes,scene-1094_037,yaw_deg,0.0,34752,2715,12,12,0.0
nuscenes,scene-1094_037,yaw_deg,0.5,34752,2713,12,11,12.353
nuscenes,scene-1094_037,yaw_deg,1.0,34752,2709,12,11,24.696
nuscenes,scene-1094_037,yaw_deg,2.0,34752,2704,12,8,49.299
nuscenes,scene-1094_037,yaw_deg,3.0,34752,2700,12,4,73.841
nuscenes,scene-1094_037,tx_m,0.02,34752,2710,12,12,2.037
nuscenes,scene-1094_037,tx_m,0.05,34752,2715,12,12,5.089
nuscenes,scene-1094_037,tx_m,0.1,34752,2716,12,12,10.171
nuscenes,scene-1094_038,yaw_deg,0.0,34688,2624,65,65,0.0
nuscenes,scene-1094_038,yaw_deg,0.5,34688,2620,65,60,12.369
nuscenes,scene-1094_038,yaw_deg,1.0,34688,2625,65,56,24.724
nuscenes,scene-1094_038,yaw_deg,2.0,34688,2621,65,46,49.401
nuscenes,scene-1094_038,yaw_deg,3.0,34688,2620,65,32,73.897
nuscenes,scene-1094_038,tx_m,0.02,34688,2619,65,65,2.218
nuscenes,scene-1094_038,tx_m,0.05,34688,2619,65,65,5.55
nuscenes,scene-1094_038,tx_m,0.1,34688,2615,65,65,11.14
nuscenes,scene-1094_039,yaw_deg,0.0,34720,2642,28,28,0.0
nuscenes,scene-1094_039,yaw_deg,0.5,34720,2641,28,27,12.332
nuscenes,scene-1094_039,yaw_deg,1.0,34720,2645,28,22,24.648
nuscenes,scene-1094_039,yaw_deg,2.0,34720,2645,28,5,49.246
nuscenes,scene-1094_039,yaw_deg,3.0,34720,2645,28,2,73.755
nuscenes,scene-1094_039,tx_m,0.02,34720,2638,28,28,2.455
nuscenes,scene-1094_039,tx_m,0.05,34720,2648,28,28,6.137
nuscenes,scene-1094_039,tx_m,0.1,34720,2653,28,28,12.271
