dataset,sweep,level,frames,valid_points,fov_points,fov_pct,object_points,box_hits,box_retention_pct,median_frame_shift_px
kitti,yaw_deg,0.0,20,2386369,375604,15.74,32182,32091,99.717,0.0
kitti,yaw_deg,0.5,20,2386369,375771,15.747,32182,31377,97.499,7.298
kitti,yaw_deg,1.0,20,2386369,375848,15.75,32182,29899,92.906,14.579
kitti,yaw_deg,2.0,20,2386369,375887,15.751,32182,26904,83.6,29.095
kitti,yaw_deg,3.0,20,2386369,376084,15.76,32182,24257,75.374,43.516
kitti,tx_m,0.02,20,2386369,376891,15.793,32182,32102,99.751,0.425
kitti,tx_m,0.05,20,2386369,379597,15.907,32182,32100,99.745,1.06
kitti,tx_m,0.1,20,2386369,383424,16.067,32182,32084,99.695,2.111
nuscenes,yaw_deg,0.0,80,2777504,242382,8.727,17948,17938,99.944,0.0
nuscenes,yaw_deg,0.5,80,2777504,242290,8.723,17948,17662,98.407,12.602
nuscenes,yaw_deg,1.0,80,2777504,242294,8.723,17948,16990,94.662,25.167
nuscenes,yaw_deg,2.0,80,2777504,242131,8.718,17948,15056,83.887,50.196
nuscenes,yaw_deg,3.0,80,2777504,241969,8.712,17948,13125,73.128,75.194
nuscenes,tx_m,0.02,80,2777504,242337,8.725,17948,17896,99.71,1.877
nuscenes,tx_m,0.05,80,2777504,242362,8.726,17948,17854,99.476,4.693
nuscenes,tx_m,0.1,80,2777504,242304,8.724,17948,17744,98.863,9.376
